asset,file_kb,awd_version,compressed,geometry_blocks,mesh_objects,render_objects,anchor_objects,anchor_tris,materials,material_names,object_names,has_skeleton,vertex_anim_blocks,embedded_textures,stream_types,stores_normals,stores_uv,stores_uv1,stores_skin,bbox_x,bbox_y,bbox_z,bbox_diag,verts_stored,verts_welded,vertex_split_ratio,tris,degenerate_tris,duplicate_faces,edges,boundary_edges,nonmanifold_edges,open_shell,euler_chi,surface_area,manifold_edge_pairs,hard_edges_gt30,hard_edge_ratio,mean_dihedral_deg,quads_detected,quad_tri_ratio,tris_not_in_quad,coplanar_clusters,max_coplanar_cluster_tris,ngon_clusters_ge3,tris_in_flat_clusters_ge3,islands,largest_island_tri_share,planar_islands,island_bbox_overlaps,has_uv,uv_min_u,uv_max_u,uv_min_v,uv_max_v,uv_tiled,uv_area_sum,uv_coverage,uv_overlap_factor,uv_seam_ratio,texel_density_p50,texel_density_iqr_ratio,has_normals_stream,mirror_x0,mirror_xc,mirror_y0,mirror_yc,mirror_z0,mirror_zc,best_mirror,best_mirror_frac,rot_sym_order,rot_sym_axis,rot_sym_frac,tri_share_x_upper_half,tri_share_y_upper_half,tri_share_z_upper_half,tri_share_outer_third_radial,area_share_outer_third_radial
O-BL-DQ-1_ore,2.3,2.1,1,1,1,1,0,0,1,Object001,Object001,False,0,0,1|2|3,False,True,False,False,30.447200775146484,66.79059982299805,30.447200775146484,79.46727813886687,336,76,4.421,168,0,0,252,0,0,False,-8,5801.119142386291,252,170,0.675,60.78,31,0.369,106,137,2,0,0,3,0.857,0,3,True,0.01600000075995922,0.9890000224113464,0.02449999935925007,0.9596999883651733,False,2.574,0.8667,2.97,0.774,0.0191,24430517.46,False,0.789,0.789,0.763,0.053,0.789,0.789,mirror_x0,0.789,0,,0.0,0.506,0.506,0.464,0.571,0.501
O-BL-MG-1_ore,0.6,2.1,1,1,1,1,0,0,1,Object002,Object002,False,0,0,1|2|3,False,True,False,False,126.09339904785156,157.5832061767578,39.372398376464844,205.62635508684764,36,12,3.0,20,0,0,30,0,0,False,2,28758.132679569986,30,18,0.6,59.15,10,1.0,0,8,4,2,8,1,1.0,0,0,True,0.013799999840557575,0.9929999709129333,0.019999999552965164,0.9871000051498413,False,0.5598,0.5699,0.98,0.667,0.00322,2.08,False,0.0,0.0,0.167,0.167,1.0,1.0,mirror_z0,1.0,0,,0.0,0.5,0.6,0.5,0.5,0.634
apocalypse_booty_box,2.0,2.1,1,1,1,1,0,0,1,Group5574,Group5574,False,0,0,1|2|3,False,True,False,False,8.265100002288818,5.653599977493286,4.742000102996826,11.079785003788142,134,76,1.763,148,0,0,222,0,0,False,2,164.7051985105674,222,96,0.432,34.56,74,1.0,0,37,24,15,104,1,1.0,0,0,True,0.00989999994635582,0.9835000038146973,0.009999999776482582,0.9652000069618225,False,0.576,0.6387,0.9,0.433,0.05284,1.13,False,0.947,0.947,0.684,0.0,1.0,1.0,mirror_z0,1.0,0,,0.0,0.5,0.459,0.5,0.432,0.489
fx_absorbtion_beam,0.7,2.1,1,1,1,1,0,0,1,fx_absorbtion_beam,fx_absorbtion_beam,False,0,0,1|2|3,False,True,False,False,30.209556579589844,0.0,74.5969467163086,80.48181016932475,24,24,1.0,22,0,0,45,24,0,True,1,859.7043666152622,21,0,0.0,0.0,11,1.0,0,1,22,1,22,1,1.0,1,0,True,0.19303399324417114,0.8587599992752075,0.004654999822378159,0.9953449964523315,False,0.4573,0.5065,0.9,0.0,0.02289,1.21,False,0.0,0.0,1.0,1.0,0.083,0.083,mirror_y0,1.0,0,,0.0,0.273,0.0,0.5,0.455,0.335
fx_aurum,0.7,2.1,1,1,1,1,0,0,1,Cylinder003,Cylinder003,False,0,0,1|2|3,False,True,False,False,45.945106506347656,52.48756980895996,41.14459991455078,80.98626981444772,54,18,3.0,24,0,0,36,0,0,False,6,10044.643619585386,36,27,0.75,75.0,9,0.75,6,15,2,0,0,3,0.333,0,1,True,0.04825900122523308,0.9793180227279663,0.013439999893307686,0.9768790006637573,False,1.8649,0.7695,2.42,0.667,0.01273,1.13,False,0.056,0.111,0.0,0.0,0.056,0.111,mirror_xc,0.111,0,,0.0,0.667,0.5,0.5,0.417,0.464
fx_beacon_bottom_earth,8.9,2.1,1,1,1,1,0,0,1,fx_beacon_bottom_earth,fx_beacon_bottom_earth,False,0,0,1|2|3,False,True,False,False,23.460020065307617,23.94683074951172,25.9544677734375,42.3964343054083,1121,674,1.663,896,0,0,1556,424,0,True,14,3257.010910840372,1132,300,0.265,20.45,338,0.754,220,427,16,23,280,28,0.116,12,67,True,-0.9242590069770813,1.9585039615631104,9.999999747378752e-06,0.9355419874191284,True,3.4541,0.4904,7.04,0.399,0.03272,3.25,False,1.0,1.0,0.0,0.742,1.0,1.0,mirror_x0,1.0,0,,0.0,0.5,0.522,0.5,0.848,0.743
fx_beacon_bottom_mars,6.3,2.1,1,1,1,1,0,0,1,fx_beacon_bottom_mars,fx_beacon_bottom_mars,False,0,0,1|2|3,False,True,False,False,39.25570297241211,61.640480041503906,39.25570487976074,82.95522503864454,788,304,2.592,498,0,0,783,72,0,True,19,5063.113961069754,711,276,0.388,27.6,229,0.92,40,135,48,14,292,18,0.687,0,17,True,0.003963999915868044,1.0,0.0038960000965744257,0.9637110233306885,False,1.1819,0.2047,5.77,0.614,0.00927,2.44,False,1.0,1.0,0.0,0.0,1.0,1.0,mirror_x0,1.0,0,,0.0,0.484,0.723,0.516,0.048,0.067
fx_beacon_bottom_venus,5.2,2.1,1,1,1,1,0,0,1,fx_beacon_bottom_venus,fx_beacon_bottom_venus,False,0,0,1|2|3,False,True,False,False,25.69942283630371,62.99420166015625,25.69942283630371,72.72681837560812,449,278,1.615,524,0,0,786,0,0,False,16,6348.780857661544,786,208,0.265,27.24,141,0.538,242,366,6,14,52,8,0.305,0,10,True,0.011285999789834023,0.9082940220832825,-0.0008549999911338091,0.7355290055274963,False,1.352,0.2918,4.63,0.381,0.01158,1.21,False,0.525,0.525,0.0,0.0,0.525,0.525,mirror_x0,0.525,4,y,1.0,0.5,0.718,0.5,0.573,0.588
fx_beacon_glow_blue,1.0,2.1,1,1,1,1,0,0,1,fx_beacon_glow_blue,fx_beacon_glow_blue,False,0,0,1|2|3,False,True,False,False,27.92394256591797,31.768542428711044,27.92394256591797,50.68267381358431,65,65,1.0,60,0,0,114,48,0,True,11,258.7726839015272,66,16,0.242,18.79,26,0.867,8,34,2,0,0,11,0.667,10,1,True,0.47814199328422546,0.4949910044670105,0.9012020230293274,0.9219539761543274,False,0.0004,0.0004,0.94,0.0,0.00189,2.28,False,1.0,1.0,0.015,0.0,1.0,1.0,mirror_x0,1.0,4,y,1.0,0.5,0.667,0.5,0.067,0.792
fx_beacon_glow_green,1.0,2.1,1,1,1,1,0,0,1,fx_beacon_glow_green,fx_beacon_glow_green,False,0,0,1|2|3,False,True,False,False,27.92394256591797,31.768542428711044,27.92394256591797,50.68267381358431,65,65,1.0,60,0,0,114,48,0,True,11,258.7726839015272,66,16,0.242,18.79,26,0.867,8,34,2,0,0,11,0.667,10,1,True,0.6550419926643372,0.6718909740447998,0.9012020230293274,0.9219539761543274,False,0.0004,0.0005,0.82,0.0,0.00189,2.28,False,1.0,1.0,0.015,0.0,1.0,1.0,mirror_x0,1.0,4,y,1.0,0.5,0.667,0.5,0.067,0.792
fx_beacon_glow_red,1.0,2.1,1,1,1,1,0,0,1,fx_beacon_glow_red,fx_beacon_glow_red,False,0,0,1|2|3,False,True,False,False,27.92394256591797,31.768542428711044,27.92394256591797,50.68267381358431,65,65,1.0,60,0,0,114,48,0,True,11,258.7726839015272,66,16,0.242,18.79,26,0.867,8,34,2,0,0,11,0.667,10,1,True,0.9694880247116089,0.9863380193710327,0.9012020230293274,0.9219539761543274,False,0.0004,0.0004,0.97,0.0,0.00189,2.28,False,1.0,1.0,0.015,0.0,1.0,1.0,mirror_x0,1.0,4,y,1.0,0.5,0.667,0.5,0.067,0.792
fx_beacon_top_generic,6.0,2.1,1,1,1,1,0,0,1,fx_beacon_top_generic,fx_beacon_top_generic,False,0,0,1|2|3,False,True,False,False,37.48122024536133,66.41251111030579,37.48122024536133,84.97238006634308,697,338,2.062,558,0,0,873,72,0,True,23,5286.113348049123,801,324,0.404,44.43,163,0.584,232,371,8,15,78,18,0.122,0,23,True,0.0008370000286959112,0.9986510276794434,0.0023990001063793898,0.8465960025787354,False,1.626,0.3066,5.3,0.515,0.01471,1.1,False,1.0,1.0,0.0,0.047,1.0,1.0,mirror_x0,1.0,4,y,0.976,0.496,0.52,0.496,0.473,0.432
fx_beam_generic,0.2,2.1,1,1,1,1,0,0,1,Plane001,Plane001,False,0,0,1|2|3,False,True,False,False,18.73009967803955,0.0,99.6650013923645,101.40970928115964,4,4,1.0,2,0,0,5,4,0,True,1,1866.7354104909377,1,0,0.0,0.0,1,1.0,0,1,2,0,0,1,1.0,1,0,True,-2.119999885559082,3.119999885559082,0.007600000128149986,0.9923999905586243,True,5.1604,0.7596,6.79,0.0,,,False,0.0,1.0,1.0,1.0,0.0,1.0,mirror_xc,1.0,0,,0.0,0.5,0.0,0.5,1.0,1.0
fx_beam_generic_flippedUV,0.2,2.1,1,1,1,1,0,0,1,Plane001,Plane001,False,0,0,1|2|3,False,True,False,False,18.73009967803955,0.0,99.6650013923645,101.40970928115964,4,4,1.0,2,0,0,5,4,0,True,1,1866.7354104909377,1,0,0.0,0.0,1,1.0,0,1,2,0,0,1,1.0,1,0,True,-2.119999885559082,3.119999885559082,0.007600000128149986,0.9923999905586243,True,5.1604,0.7596,6.79,0.0,,,False,0.0,1.0,1.0,1.0,0.0,1.0,mirror_xc,1.0,0,,0.0,0.5,0.0,0.5,1.0,1.0
fx_blueprintbox,0.2,2.1,1,1,1,1,0,0,1,gear_ring,gear_ring,False,0,0,1|2|3,False,True,False,False,45.0,22.499998092651367,38.97114562988281,63.63961113862065,4,4,1.0,2,0,0,5,4,0,True,1,2025.000052937424,1,0,0.0,0.0,1,1.0,0,1,2,0,0,1,1.0,1,0,True,0.0,1.0,0.0,1.0,False,1.0,0.0,65536.0,0.0,,,False,1.0,1.0,0.0,0.0,0.0,0.0,mirror_x0,1.0,0,,0.0,0.5,0.5,0.5,1.0,1.0
fx_boltrum,5.2,2.1,1,1,1,1,0,0,1,boltrum,boltrum,False,0,0,1|2|3,False,True,False,False,3.9524340629577637,7.0722527503967285,3.111572027206421,8.678731155417616,418,168,2.488,312,0,0,468,0,0,False,12,38.45710367584771,468,164,0.35,31.33,29,0.186,254,261,10,7,47,6,0.301,0,2,True,0.02027899958193302,0.97816002368927,0.018376000225543976,0.9715309739112854,False,0.8714,0.7134,1.22,0.598,0.15024,1.36,False,0.0,0.006,0.024,0.0,0.012,0.006,mirror_y0,0.024,0,,0.0,0.718,0.439,0.619,0.308,0.07
fx_chain_bolt,1.6,2.1,1,1,1,1,0,0,1,fx_chain_bolt,fx_chain_bolt,False,0,0,1|2|3,False,True,False,False,17.618167877197266,6.412487983703613,100.0,101.74241908609334,130,95,1.368,144,0,0,238,80,18,True,1,2671.4859483060573,140,0,0.0,0.0,70,0.972,4,4,36,4,144,1,1.0,0,0,True,-0.044773001223802567,2.2281479835510254,0.0,1.0,True,2.928,0.4766,6.14,0.269,0.03309,1.63,False,1.0,1.0,1.0,1.0,0.053,1.0,mirror_x0,1.0,0,,0.0,0.5,0.5,0.5,0.333,0.176
fx_charge_shield_beam_fat,0.2,2.1,1,1,1,1,0,0,1,fx_charge_shield_beam_fat,fx_charge_shield_beam_fat,False,0,0,1|2|3,False,True,False,False,19.4715576171875,0.0,73.1098861694336,75.65842327029416,4,4,1.0,2,0,0,5,4,0,True,1,1423.5633609341457,1,0,0.0,0.0,1,1.0,0,1,2,0,0,1,1.0,1,0,True,0.0,1.0,0.0,1.0,False,1.0,0.0,65536.0,0.0,,,False,0.0,1.0,1.0,1.0,1.0,1.0,mirror_xc,1.0,0,,0.0,0.5,0.0,0.5,1.0,1.0
fx_charge_shield_beam_thin,0.3,2.1,1,1,1,1,0,0,1,fx_charge_shield_beam_thin,fx_charge_shield_beam_thin,False,0,0,1|2|3,False,True,False,False,7.6753997802734375,0.0,73.10989379882812,73.51168841118363,4,4,1.0,2,0,0,5,4,0,True,1,561.1476335200132,1,0,0.0,0.0,1,1.0,0,1,2,0,0,1,1.0,1,0,True,0.0,1.0,0.0,1.0,False,1.0,0.0,65536.0,0.0,,,False,0.0,1.0,1.0,1.0,1.0,1.0,mirror_xc,1.0,0,,0.0,0.5,0.0,0.5,1.0,1.0
fx_crystal_outer_glow,0.3,2.1,1,1,1,1,0,0,1,fx_crystal_outer_glow,fx_crystal_outer_glow,False,0,0,1|2|3,False,True,False,False,36.55827331542969,0.0,36.55821228027344,51.701162781268216,8,8,1.0,6,0,0,13,8,0,True,1,932.1379142115693,5,0,0.0,0.0,3,1.0,0,1,6,1,6,1,1.0,1,0,True,0.19913800060749054,0.8587599992752075,0.004654999822378159,0.9953449964523315,False,0.4558,0.6589,0.69,0.0,0.02211,1.0,False,0.0,0.125,1.0,1.0,0.0,0.0,mirror_y0,1.0,0,,0.0,0.5,0.0,0.5,0.5,0.28
fx_crystal_shard,0.4,2.1,1,1,1,1,0,0,1,fx_crystal_shard,fx_crystal_shard,False,0,0,1|2|3,False,True,False,False,13.858097076416016,0.188618004322052,5.847933053970337,15.042631163950121,18,6,3.0,8,0,0,12,0,0,False,2,82.39871737446067,12,9,0.75,75.0,3,0.75,2,5,2,0,0,1,1.0,0,0,True,0.4878149926662445,0.535539984703064,0.5878350138664246,0.6500880122184753,False,0.0014,0.0013,1.04,0.667,0.01086,2.17,False,0.0,0.0,1.0,1.0,0.333,0.0,mirror_y0,1.0,0,,0.0,0.25,0.5,0.625,0.25,0.014
fx_crystal_sphere,2.8,2.1,1,1,1,1,0,0,1,fx_crystal_sphere,fx_crystal_sphere,False,0,0,1|2|3,False,True,False,False,112.39051818847656,112.23660659790039,116.47384262084961,196.9640587877712,540,92,5.87,180,0,0,270,0,0,False,2,37862.464170632404,270,237,0.878,36.66,0,0.0,180,180,1,0,0,1,1.0,0,0,True,0.38007301092147827,0.6784160137176514,0.4676220118999481,0.6088650226593018,False,0.1216,0.0047,25.71,0.83,0.00177,1.05,False,0.022,0.022,0.022,0.0,0.043,0.043,mirror_z0,0.043,0,,0.0,0.489,0.511,0.5,0.744,0.743
fx_ctb_ring_inner,1.3,2.1,1,1,1,1,0,0,1,fx_ctb_ring_inner,fx_ctb_ring_inner,False,0,0,1|2|3,False,True,False,False,52.6512508392334,0.0,56.02228510379791,76.88075600036132,92,52,1.769,46,0,0,95,52,0,True,3,447.6090266223707,43,0,0.0,0.0,23,1.0,0,3,30,3,46,3,0.652,3,2,True,-0.04252399876713753,19.56248664855957,0.0,1.0,True,8.1069,0.4961,16.34,0.435,0.17827,2.13,False,0.0,0.019,1.0,1.0,0.0,0.0,mirror_y0,1.0,0,,0.0,0.478,0.0,0.609,0.478,0.545
fx_ctb_ring_middle,6.3,2.1,1,1,1,1,0,0,1,fx_ctb_ring_middle,fx_ctb_ring_middle,False,0,0,1|2|3,False,True,False,False,144.1151351928711,0.0,144.11512756347656,203.8095733381939,656,360,1.822,328,0,0,672,360,0,True,16,5050.995981950509,312,0,0.0,0.0,161,0.982,6,16,40,16,328,16,0.122,16,30,True,-23.294368743896484,24.793258666992188,0.0,1.0,True,59.0236,0.498,118.51,0.451,0.12563,1.98,False,0.994,0.994,1.0,1.0,0.994,0.994,mirror_y0,1.0,64,y,0.978,0.5,0.0,0.5,1.0,1.0
fx_ctb_ring_outer,1.3,2.1,1,1,1,1,0,0,1,fx_ctb_ring_outer,fx_ctb_ring_outer,False,0,0,1|2|3,False,True,False,False,76.51411294937134,0.0,77.4769492149353,108.89025273220197,104,60,1.733,52,0,0,108,60,0,True,4,1243.5712064471318,48,0,0.0,0.0,26,1.0,0,4,28,4,52,4,0.538,4,4,True,-18.93791389465332,14.573929786682129,0.0,1.0,True,8.7172,0.4922,17.71,0.423,0.10392,1.74,False,0.0,0.0,1.0,1.0,0.0,0.0,mirror_y0,1.0,0,,0.0,0.385,0.0,0.346,0.385,0.373
fx_curved_leaf,0.7,2.1,1,1,1,1,0,0,1,modelPanel1ViewSelectedSet1,modelPanel1ViewSelectedSet1,False,0,0,1|2|3,False,True,False,False,43.33770751953125,12.566514015197754,8.074665069580078,45.839659504936265,33,33,1.0,40,0,0,72,24,0,True,1,411.7912579659305,48,0,0.0,5.08,20,1.0,0,20,2,0,0,1,1.0,0,0,True,0.0,1.0,0.0,1.0,False,0.9945,0.498,2.0,0.0,0.04483,2.05,False,1.0,1.0,1.0,1.0,0.0,0.0,mirror_x0,1.0,0,,0.0,0.5,0.5,0.4,0.4,0.201
fx_curved_plane,0.6,2.1,1,1,1,1,0,0,1,Plane001,Plane001,False,0,0,1|2|3,False,True,False,False,67.79979705810547,50.0,7.515399932861328,84.57714654249774,64,34,1.882,32,0,0,65,34,0,True,1,3499.5604720178767,31,0,0.0,1.51,16,1.0,0,16,2,0,0,1,1.0,0,0,True,0.0,1.0,0.0,1.0,False,1.0,0.0037,273.07,0.469,0.0169,1.0,False,1.0,1.0,1.0,1.0,0.059,0.0,mirror_x0,1.0,0,,0.0,0.5,0.5,0.312,0.375,0.375
fx_gate_effect,0.6,2.1,1,1,1,1,0,0,1,Plane001,Plane001,False,0,0,1|2|3,False,True,False,False,48.082698822021484,2.1357998847961426,49.20209884643555,68.82843960203904,36,36,1.0,18,0,0,45,36,0,True,9,26.713579988432073,9,0,0.0,0.0,9,1.0,0,9,2,0,0,9,0.111,9,9,True,0.0,1.0,0.0,1.0,False,9.0,0.0,589824.0,0.0,0.58044,1.0,False,0.0,0.0,0.333,0.333,0.0,0.0,mirror_y0,0.333,0,,0.0,0.667,0.333,0.333,1.0,1.0
fx_halloween_booty_box,4.7,2.1,1,1,1,1,0,0,1,halloween_booty_box_lowpoly,halloween_booty_box_lowpoly,False,0,0,1|2|3,False,True,False,False,7.41379976272583,5.304999828338623,4.582399845123291,10.203226864137264,454,146,3.11,288,0,0,432,0,0,False,2,132.91612170827662,432,203,0.47,33.05,91,0.632,106,163,12,19,98,1,1.0,0,0,True,0.004399999976158142,0.9907000064849854,0.05260000005364418,1.0006999969482422,False,0.6678,0.7894,0.85,0.678,0.07178,1.17,False,0.055,0.055,0.0,0.0,0.082,0.082,mirror_z0,0.082,0,,0.0,0.5,0.639,0.5,0.507,0.397
fx_halloween_booty_box_glow,1.9,2.1,1,1,1,1,0,0,1,box_glow,box_glow,False,0,0,1|2|3,False,True,False,False,6.434599876403809,4.222700119018555,3.9036999940872192,8.629840410367493,142,76,1.868,104,0,0,178,44,0,True,2,59.76469098269163,134,50,0.373,28.66,26,0.5,52,67,6,8,36,3,0.692,0,0,True,0.004399999976158142,0.6833000183105469,0.05260000005364418,0.9896000027656555,False,0.3055,0.3866,0.79,0.465,0.07059,1.11,False,0.0,0.947,0.0,0.0,0.158,0.158,mirror_xc,0.947,0,,0.0,0.5,0.692,0.481,0.635,0.661
fx_hologram_cylinder,0.8,2.1,1,1,1,1,0,0,1,Cylinder001,Cylinder001,False,0,0,1|2|3,False,True,False,False,64.0,16.0,64.0,91.91300234460846,66,64,1.031,64,0,0,128,64,0,True,0,3211.823565385576,64,0,0.0,5.63,32,1.0,0,32,2,0,0,1,1.0,0,0,True,0.0,4.0,0.0,1.0,True,4.0,0.0039,1024.0,0.03,0.03529,1.0,False,1.0,1.0,0.5,1.0,1.0,1.0,mirror_x0,1.0,32,y,1.0,0.5,0.5,0.5,1.0,1.0
fx_hybrid_alloy,2.9,2.1,1,1,1,1,0,0,1,Box001,Box001,False,0,0,1|2|3,False,True,False,False,3.058242082595825,5.904786109924316,2.625701904296875,7.149381380926844,134,116,1.155,228,0,0,342,0,0,False,2,46.39110947407714,342,50,0.146,16.11,24,0.211,180,202,3,2,6,1,1.0,0,0,True,0.022677000612020493,0.9788560271263123,0.12567399442195892,0.9027950167655945,False,0.5884,0.6634,0.89,0.134,0.11262,1.12,False,0.0,0.0,0.034,0.034,1.0,1.0,mirror_z0,1.0,0,,0.0,0.412,0.5,0.5,0.789,0.796
fx_icecube,3.0,2.1,1,1,1,1,0,0,1,lowpoly,lowpoly,False,0,0,1|2|3,False,True,False,False,212.21229553222656,168.76370239257812,215.158203125,346.1333529035977,264,68,3.882,132,0,0,198,0,0,False,2,167126.86640910082,198,40,0.202,19.42,29,0.439,74,103,2,0,0,1,1.0,0,0,True,0.009100000374019146,0.987500011920929,0.035999998450279236,0.9671000242233276,False,0.6891,0.7373,0.93,0.742,0.00215,1.31,False,0.0,0.029,0.0,0.0,0.0,0.044,mirror_zc,0.044,0,,0.0,0.5,0.5,0.5,0.788,0.686
fx_leech_cloud,2.0,2.1,1,1,1,1,0,0,1,fx_leech_cloud,fx_leech_cloud,False,0,0,1|2|3,False,True,False,False,78.46282196044922,31.536476135253906,79.99997329711914,116.40858853437905,150,150,1.0,224,0,0,372,72,0,True,2,5214.261322631959,300,0,0.0,7.6,112,1.0,0,112,2,0,0,2,0.5,0,0,True,0.0,1.0,0.0,1.0,False,2.0,0.6973,2.87,0.0,0.0189,1.31,False,1.0,1.0,1.0,1.0,1.0,1.0,mirror_x0,1.0,0,,0.0,0.5,0.5,0.5,1.0,1.0
fx_loot_booty_chest_glow,5.1,2.1,1,1,1,1,0,0,1,fx_loot_booty_chest_glow,fx_loot_booty_chest_glow,False,0,0,1|2|3,False,True,False,False,2.568092107772827,1.7569689750671387,1.3356930017471313,3.3861649174648623,460,293,1.57,510,0,0,791,52,0,True,12,10.834368055811412,739,293,0.396,31.39,236,0.925,38,248,16,8,62,8,0.565,0,2,True,0.0,1.0,-0.3075760006904602,1.0,True,33.0387,0.9845,33.56,0.363,0.66953,2.46,False,1.0,1.0,0.0,0.0,0.891,0.0,mirror_x0,1.0,0,,0.0,0.5,0.612,0.475,0.643,0.354
fx_loot_booty_chest_metal,1.7,2.1,1,1,1,1,0,0,1,fx_loot_booty_chest_metal,fx_loot_booty_chest_metal,False,0,0,1|2|3,False,True,False,False,2.4050779342651367,0.9181990027427673,1.445039987564087,2.9522245585636075,204,64,3.188,106,0,0,165,12,0,True,5,19.5182891785631,153,76,0.497,42.65,53,1.0,0,29,10,6,60,4,0.415,0,3,True,-0.11983200162649155,1.1331020593643188,0.018073000013828278,0.9056050181388855,True,3.7016,0.8213,4.51,0.686,0.45403,1.17,False,1.0,1.0,0.0,0.25,0.875,0.0,mirror_x0,1.0,0,,0.0,0.5,0.547,0.453,0.632,0.396
fx_loot_box_UBA,1.6,2.1,1,1,1,1,0,0,1,fx_loot_box_empty,fx_loot_box_empty,False,0,0,1|2|3,False,True,False,False,1.156999945640564,1.156999945640564,1.156999945640564,2.0039826902038858,280,160,1.75,192,0,0,336,96,0,True,16,5.35258510941928,240,144,0.6,54.0,96,1.0,0,96,2,0,0,20,0.062,0,24,True,0.8759999871253967,0.9052000045776367,0.9060999751091003,0.9352999925613403,False,0.0466,0.0011,42.42,0.429,0.1156,4.14,False,1.0,1.0,1.0,1.0,1.0,1.0,mirror_x0,1.0,4,x,1.0,0.5,0.5,0.5,0.833,0.74
fx_loot_box_complex,9.9,2.1,1,1,1,1,0,0,1,fx_loot_box_complex,fx_loot_box_complex,False,0,0,1|2|3,False,True,False,False,1.2920459508895874,1.2920459508895874,1.2920459508895874,2.2378892326544078,1408,440,3.2,656,0,0,1104,240,0,True,-8,10.248359799626966,864,312,0.361,24.89,302,0.921,52,224,10,56,344,25,0.634,24,0,True,0.0,1.0,0.011006000451743603,0.9955549836158752,False,32.4871,0.8282,39.22,0.688,0.63218,6.14,False,0.645,0.645,0.591,0.591,0.7,0.7,mirror_z0,0.7,0,,0.0,0.5,0.5,0.5,0.72,0.631
fx_loot_box_complex_glow,1.1,2.1,1,1,1,1,0,0,1,fx_loot_box_complex_glow,fx_loot_box_complex_glow,False,0,0,1|2|3,False,True,False,False,3.181567907333374,3.1874520778656006,3.179687976837158,5.512952088283208,144,144,1.0,72,0,0,180,144,0,True,36,42.58854888790821,36,0,0.0,0.0,36,1.0,0,36,2,0,0,36,0.028,36,174,True,0.0,1.0,0.0,0.9998999834060669,False,28.3772,0.7891,35.96,0.0,0.85236,1.18,False,0.889,0.889,0.833,0.833,0.833,0.833,mirror_x0,0.889,0,,0.0,0.444,0.444,0.444,0.333,0.463
fx_loot_box_content_UBA,0.6,2.1,1,1,1,1,0,0,1,fx_loot_box_content_flag_italy,fx_loot_box_content_flag_italy,False,0,0,1|2|3,False,True,False,False,1.0,1.0,1.0,1.7320508075688772,40,24,1.667,28,0,0,58,32,0,True,-6,6.0,26,4,0.154,13.85,14,1.0,0,6,6,4,24,1,1.0,0,0,True,0.022299999371170998,0.9868000149726868,0.07109999656677246,0.926800012588501,False,3.167,0.8102,3.91,0.4,0.88574,1.01,False,1.0,1.0,1.0,1.0,1.0,1.0,mirror_x0,1.0,4,y,1.0,0.5,0.5,0.5,0.857,0.667
fx_loot_box_content_altec,3.0,2.1,1,1,1,1,0,0,1,fx_loot_box_content_altec,fx_loot_box_content_altec,False,0,0,1|2|3,False,True,False,False,1.613651990890503,1.3646780252456665,1.0988980531692505,2.3819730879152403,424,236,1.797,304,0,0,506,104,2,True,34,12.125209187197587,400,252,0.63,48.64,148,0.974,8,156,2,0,0,29,0.053,0,0,True,0.0,1.0,0.06702399998903275,0.9715819954872131,False,21.1111,0.8457,24.96,0.443,0.36795,3.51,False,0.186,0.186,0.356,0.356,0.186,0.186,mirror_y0,0.356,4,y,0.915,0.5,0.579,0.5,0.605,0.29
fx_loot_box_content_flag_brazil,1.2,2.1,1,1,1,1,0,0,1,fx_loot_box_content_flag_brazil,fx_loot_box_content_flag_brazil,False,0,0,1|2|3,False,True,False,False,1.0387639999389648,1.0,1.0387639999389648,1.777093496453801,124,108,1.148,100,0,0,198,96,0,True,10,7.268645183237561,102,12,0.118,10.59,50,1.0,0,14,20,4,80,9,0.2,8,0,True,0.01160299964249134,0.9987300038337708,0.06992900371551514,0.9890140295028687,False,1.6423,0.8308,1.98,0.129,0.0561,1.03,False,1.0,1.0,1.0,1.0,1.0,1.0,mirror_x0,1.0,4,y,1.0,0.48,0.5,0.48,0.96,0.725
fx_loot_box_content_flag_czech,0.7,2.1,1,1,1,1,0,0,1,fx_loot_box_content_flag_czech,fx_loot_box_content_flag_czech,False,0,0,1|2|3,False,True,False,False,1.0,1.0,1.0,1.7320508075688772,56,16,3.5,28,0,0,42,0,0,False,2,6.0,42,16,0.381,34.29,11,0.786,6,6,6,4,24,1,1.0,0,0,True,0.01160299964249134,0.9987300038337708,0.016731999814510345,0.9475849866867065,False,1.6311,0.8268,1.97,0.714,0.01017,6.98,False,1.0,1.0,1.0,1.0,1.0,1.0,mirror_x0,1.0,4,y,1.0,0.429,0.5,0.429,0.857,0.667
fx_loot_box_content_flag_france,0.7,2.1,1,1,1,1,0,0,1,fx_loot_box_content_flag_france,fx_loot_box_content_flag_france,False,0,0,1|2|3,False,True,False,False,1.0,1.0,1.0,1.7320508075688772,56,24,2.333,28,0,0,58,32,0,True,-6,6.0,26,4,0.154,13.85,14,1.0,0,6,6,4,24,1,1.0,0,0,True,0.01160299964249134,0.9987300038337708,0.01795399934053421,0.9519810080528259,False,1.6401,0.8289,1.98,0.571,0.05119,5.15,False,1.0,1.0,1.0,1.0,1.0,1.0,mirror_x0,1.0,4,y,1.0,0.5,0.5,0.5,0.857,0.667
fx_loot_box_content_flag_germany,0.6,2.1,1,1,1,1,0,0,1,fx_loot_box_content_flag_germany,fx_loot_box_content_flag_germany,False,0,0,1|2|3,False,True,False,False,1.0,1.0,1.0,1.7320508075688772,56,16,3.5,28,0,0,42,0,0,False,2,6.0,42,20,0.476,42.86,14,1.0,0,6,6,4,24,1,1.0,0,0,True,0.01160299964249134,0.9987300038337708,0.06992900371551514,0.9667249917984009,False,1.6349,0.8271,1.98,0.714,0.02532,3.23,False,1.0,1.0,1.0,1.0,1.0,1.0,mirror_x0,1.0,4,y,1.0,0.5,0.5,0.5,0.857,0.667
fx_loot_box_content_flag_hungary,0.6,2.1,1,1,1,1,0,0,1,fx_loot_box_content_flag_hungary,fx_loot_box_content_flag_hungary,False,0,0,1|2|3,False,True,False,False,1.0,1.0,1.0,1.7320508075688772,56,16,3.5,28,0,0,42,0,0,False,2,6.0,42,20,0.476,42.86,14,1.0,0,6,6,4,24,1,1.0,0,0,True,0.01160299964249134,0.9987300038337708,0.016625000163912773,0.9683849811553955,False,1.6339,0.8287,1.97,0.714,0.02717,2.66,False,1.0,1.0,1.0,1.0,1.0,1.0,mirror_x0,1.0,4,y,1.0,0.5,0.5,0.5,0.857,0.667
fx_loot_box_content_flag_italy,0.7,2.1,1,1,1,1,0,0,1,fx_loot_box_content_flag_italy,fx_loot_box_content_flag_italy,False,0,0,1|2|3,False,True,False,False,1.0,1.0,1.0,1.7320508075688772,56,24,2.333,28,0,0,58,32,0,True,-6,6.0,26,4,0.154,13.85,14,1.0,0,6,6,4,24,1,1.0,0,0,True,0.01160299964249134,0.9987300038337708,0.01795399934053421,0.9519810080528259,False,1.6401,0.8289,1.98,0.571,0.05119,5.15,False,1.0,1.0,1.0,1.0,1.0,1.0,mirror_x0,1.0,4,y,1.0,0.5,0.5,0.5,0.857,0.667
fx_loot_box_content_flag_mexico,1.4,2.1,1,1,1,1,0,0,1,fx_loot_box_content_flag_mexico,fx_loot_box_content_flag_mexico,False,0,0,1|2|3,False,True,False,False,1.012585997581482,1.0,1.012585997581482,1.746614097331225,140,108,1.296,108,0,0,218,112,0,True,-2,6.2643750595294,106,4,0.038,3.4,54,1.0,0,10,20,8,104,5,0.259,4,0,True,0.01160299964249134,0.9987300038337708,0.01795399934053421,0.9759870171546936,False,1.6438,0.8302,1.98,0.229,0.11834,1.0,False,1.0,1.0,1.0,1.0,1.0,1.0,mirror_x0,1.0,4,y,1.0,0.5,0.5,0.5,0.963,0.681
fx_loot_box_content_flag_poland,1.1,2.1,1,1,1,1,0,0,1,fx_loot_box_content_flag_poland,fx_loot_box_content_flag_poland,False,0,0,1|2|3,False,True,False,False,1.0943180322647095,1.0,1.0943180322647095,1.8425699203773547,112,84,1.333,76,0,0,150,72,0,True,10,6.2599376027816644,78,16,0.205,18.46,37,0.974,2,14,12,8,64,9,0.263,8,0,True,0.01160299964249134,0.9987300038337708,0.01852400042116642,0.9683849811553955,False,1.6372,0.8278,1.98,0.25,0.08417,3.26,False,1.0,1.0,0.143,0.143,1.0,1.0,mirror_x0,1.0,4,y,1.0,0.5,0.868,0.5,0.947,0.681
fx_loot_box_content_flag_russia,0.6,2.1,1,1,1,1,0,0,1,fx_loot_box_content_flag_russian,fx_loot_box_content_flag_russian,False,0,0,1|2|3,False,True,False,False,1.0,1.0,1.0,1.7320508075688772,56,16,3.5,28,0,0,42,0,0,False,2,6.0,42,20,0.476,42.86,14,1.0,0,6,6,4,24,1,1.0,0,0,True,0.01160299964249134,0.9987300038337708,0.017395999282598495,0.9475849866867065,False,1.6319,0.8275,1.97,0.714,0.01535,1.65,False,1.0,1.0,1.0,1.0,1.0,1.0,mirror_x0,1.0,4,y,1.0,0.5,0.5,0.5,0.857,0.667
fx_loot_box_content_flag_spain,1.3,2.1,1,1,1,1,0,0,1,fx_loot_box_content_flag_spain,fx_loot_box_content_flag_spain,False,0,0,1|2|3,False,True,False,False,1.012585997581482,1.0,1.012585997581482,1.746614097331225,140,100,1.4,108,0,0,202,80,0,True,6,6.2643750595294,122,20,0.164,14.75,54,1.0,0,10,20,8,104,5,0.259,4,0,True,0.01160299964249134,0.9987300038337708,0.06992900371551514,0.9760850071907043,False,1.6383,0.8297,1.97,0.286,0.11834,1.0,False,1.0,1.0,1.0,1.0,1.0,1.0,mirror_x0,1.0,4,y,1.0,0.5,0.5,0.5,0.963,0.681
fx_loot_box_content_flag_turkey,2.5,2.1,1,1,1,1,0,0,1,fx_loot_box_content_flag_turkey,fx_loot_box_content_flag_turkey,False,0,0,1|2|3,False,True,False,False,1.034850001335144,1.0,1.034850001335144,1.7725205359957596,344,192,1.792,180,0,0,362,184,0,True,10,6.527030323430888,178,12,0.067,6.07,86,0.956,8,14,34,8,168,9,0.189,8,0,True,0.01160299964249134,0.9987300038337708,0.06992900371551514,0.9977610111236572,False,1.637,0.8278,1.98,0.442,0.01562,1.0,False,0.042,0.042,1.0,1.0,0.042,0.042,mirror_y0,1.0,4,y,1.0,0.5,0.522,0.5,0.978,0.694
fx_loot_box_content_flag_uk,1.6,2.1,1,1,1,1,0,0,1,fx_loot_box_content_flag_uk,fx_loot_box_content_flag_uk,False,0,0,1|2|3,False,True,False,False,1.028331995010376,1.0,1.028331995010376,1.7649173872802204,232,216,1.074,116,0,0,278,208,0,True,54,7.86584014400896,70,12,0.171,15.43,42,0.724,32,58,10,4,40,53,0.103,52,96,True,0.01160299964249134,1.0200929641723633,0.017302999272942543,0.9740200042724609,True,1.6396,0.8603,1.91,0.069,0.06178,1.91,False,1.0,1.0,1.0,1.0,1.0,1.0,mirror_x0,1.0,4,y,1.0,0.5,0.5,0.5,0.966,0.746
fx_loot_box_content_flag_usa,1.2,2.1,1,1,1,1,0,0,1,fx_loot_box_content_flag_usa,fx_loot_box_content_flag_usa,False,0,0,1|2|3,False,True,False,False,1.034850001335144,1.0,1.034850001335144,1.7725205359957596,64,48,1.333,44,0,0,86,40,0,True,6,6.328257762602409,46,12,0.261,23.48,18,0.818,8,10,8,4,32,5,0.273,4,0,True,0.01160299964249134,0.9987300038337708,0.06992900371551514,1.0034300088882446,False,1.6373,0.8308,1.97,0.25,0.03681,1.12,False,0.312,0.312,0.167,0.167,0.167,0.167,mirror_x0,0.312,0,,0.0,0.5,0.5,0.5,0.909,0.684
fx_loot_box_content_soccer,3.1,2.1,1,1,1,1,0,0,1,fx_loot_box_content_soccer,fx_loot_box_content_soccer,False,0,0,1|2|3,False,True,False,False,1.0306719541549683,1.0,1.0306719541549683,1.7676451437331087,500,316,1.582,208,0,0,466,308,0,True,58,8.750481669241907,158,12,0.076,6.84,90,0.865,28,62,4,56,196,57,0.058,56,72,True,-0.0045830002054572105,1.0,-0.0002809999859891832,0.938539981842041,False,5.4205,0.8921,6.08,0.368,0.02368,8.57,False,0.025,0.025,0.025,0.025,0.025,0.025,mirror_x0,0.025,4,y,1.0,0.5,0.51,0.5,0.981,0.771
fx_loot_box_empty,1.7,2.1,1,1,1,1,0,0,1,fx_loot_box_empty,fx_loot_box_empty,False,0,0,1|2|3,False,True,False,False,1.1842859983444214,1.1842859983444214,1.1842859983444214,2.051243519824969,312,160,1.95,192,0,0,336,96,0,True,16,7.380446592513863,240,144,0.6,54.0,96,1.0,0,96,2,0,0,20,0.062,0,48,True,0.0,1.0,0.0,1.0,False,48.0482,0.0085,5653.3,0.487,2.76304,54.41,False,1.0,1.0,1.0,1.0,1.0,1.0,mirror_x0,1.0,4,x,1.0,0.5,0.5,0.5,0.833,0.74
fx_loot_box_glow,1.8,2.1,1,1,1,1,0,0,1,fx_loot_box_glow,fx_loot_box_glow,False,0,0,1|2|3,False,True,False,False,1.1842859983444214,1.1842859983444214,1.1842859983444214,2.051243519824969,336,168,2.0,204,0,0,354,96,0,True,18,13.380446592513863,258,156,0.605,54.42,102,1.0,0,102,2,0,0,21,0.059,0,68,True,-0.0708329975605011,1.0708329677581787,-0.0708329975605011,1.0708329677581787,True,66.1256,1.0,66.13,0.5,1.44459,3.76,False,1.0,1.0,1.0,1.0,1.0,1.0,mirror_x0,1.0,4,x,1.0,0.5,0.5,0.5,0.784,0.408
fx_loot_box_gray,1.8,2.1,1,1,1,1,0,0,1,fx_loot_box_gray,fx_loot_box_gray,False,0,0,1|2|3,False,True,False,False,1.1842859983444214,1.1842859983444214,1.1842859983444214,2.051243519824969,336,168,2.0,204,0,0,354,96,0,True,18,13.380446592513863,258,156,0.605,54.42,102,1.0,0,102,2,0,0,21,0.059,0,68,True,-0.0708329975605011,1.0708329677581787,-0.0708329975605011,1.0708329677581787,True,54.655,0.747,73.17,0.5,1.0,54.41,False,1.0,1.0,1.0,1.0,1.0,1.0,mirror_x0,1.0,4,x,1.0,0.5,0.5,0.5,0.784,0.408
fx_loot_box_helix,1.8,2.1,1,1,1,1,0,0,1,Object001,Object001,False,0,0,1|2|3,False,True,False,False,1.851699948310852,3.02810001373291,1.3420000076293945,3.7946207204700917,92,92,1.0,62,0,0,139,92,0,True,15,5.049203722508071,47,1,0.021,7.72,11,0.355,40,51,2,0,0,15,0.29,8,9,True,0.02879999950528145,0.9948999881744385,0.07169999927282333,0.9764000177383423,False,3.7986,0.5919,6.42,0.0,0.28241,2.05,False,0.011,0.174,0.0,0.0,0.185,0.185,mirror_z0,0.185,0,,0.0,0.371,0.516,0.468,0.129,0.033
fx_loot_box_metal_egg,6.7,2.1,1,1,1,1,0,0,1,fx_loot_box_metal_egg,fx_loot_box_metal_egg,False,0,0,1|2|3,False,True,False,False,1.825924038887024,1.8804470300674438,1.825924038887024,3.1943822915331337,581,286,2.031,568,0,0,852,0,0,False,2,13.169677150317682,852,292,0.343,26.46,178,0.627,212,372,3,18,54,1,1.0,0,0,True,-1.4339139461517334,2.5719358921051025,0.005518000107258558,0.9632200002670288,True,30.8392,0.8946,34.47,0.508,0.70001,2.26,False,1.0,1.0,0.0,0.007,0.797,0.797,mirror_x0,1.0,0,,0.0,0.5,0.415,0.437,0.641,0.702
fx_loot_box_pet_week,7.7,2.1,1,1,1,1,0,0,1,fx_loot_box_pet_week,fx_loot_box_pet_week,False,0,0,1|2|3,False,True,False,False,1.9281500577926636,1.9281500577926636,1.9281500577926636,3.3396538647137604,1268,464,2.733,672,0,0,1104,192,0,True,32,11.443413461319253,912,244,0.268,22.77,327,0.973,18,150,100,6,384,31,0.149,4,2,True,0.01160299964249134,0.9987300038337708,0.06992900371551514,0.995764970779419,False,1.6539,0.8306,1.99,0.634,0.05532,2.02,False,1.0,1.0,0.534,0.534,1.0,1.0,mirror_x0,1.0,0,,0.0,0.5,0.548,0.5,0.274,0.224
fx_loot_box_red_columns,1.8,2.1,1,1,1,1,0,0,1,fx_loot_box_red_columns,fx_loot_box_red_columns,False,0,0,1|2|3,False,True,False,False,1.1842859983444214,1.1842859983444214,1.1842859983444214,2.051243519824969,256,104,2.462,140,0,0,226,32,0,True,18,10.350305385579432,194,124,0.639,57.53,70,1.0,0,70,2,0,0,13,0.086,0,20,True,0.8553779721260071,0.999879002571106,0.9168210029602051,0.9873809814453125,False,0.0333,0.0035,9.53,0.594,0.07118,3.86,False,1.0,1.0,1.0,1.0,1.0,1.0,mirror_x0,1.0,0,,0.0,0.5,0.5,0.5,0.914,0.42
fx_loot_candy_cane,8.8,2.1,1,1,1,1,0,0,1,fx_loot_candy_cane,fx_loot_candy_cane,False,0,0,1|2|3,False,True,False,False,0.7965099811553955,1.2385499477386475,1.2385509610176086,1.9241732266511808,532,252,2.111,500,0,0,750,0,0,False,2,1.2757074321715622,750,260,0.347,15.13,240,0.96,20,129,44,11,284,1,1.0,0,0,True,0.005078999791294336,0.43156901001930237,0.0037330000195652246,0.95899897813797,False,0.0084,0.013,0.64,0.526,0.0595,2.84,False,0.0,0.0,0.004,0.0,0.004,0.0,mirror_y0,0.004,0,,0.0,0.558,0.646,0.356,0.444,0.399
fx_loot_demaner_freighter_box_pink,2.7,2.1,1,1,1,1,0,0,1,Object001,Object001,False,0,0,1|2|3,False,True,False,False,1.0227999687194824,0.8804999887943268,1.6236000061035156,2.111273782837915,197,113,1.743,214,0,0,321,0,0,False,6,10.465336766789369,321,155,0.483,31.17,84,0.785,46,102,14,18,88,3,0.664,0,2,True,0.009800000116229057,0.9937999844551086,0.00839999970048666,0.9876000285148621,False,1.1001,0.8003,1.37,0.426,0.35581,1.87,False,0.354,0.354,0.0,0.0,0.973,0.973,mirror_z0,0.973,0,,0.0,0.495,0.692,0.505,0.364,0.393
fx_loot_demaner_freighter_box_pink_1,2.7,2.1,1,1,1,1,0,0,1,Object001,Object001,False,0,0,1|2|3,False,True,False,False,1.0227999687194824,0.8804999887943268,1.6236000061035156,2.111273782837915,197,113,1.743,214,0,0,321,0,0,False,6,10.465336766789369,321,155,0.483,31.17,84,0.785,46,102,14,18,88,3,0.664,0,2,True,0.009800000116229057,0.9937999844551086,0.00839999970048666,0.9876000285148621,False,1.1001,0.8003,1.37,0.426,0.35581,1.87,False,0.354,0.354,0.0,0.0,0.973,0.973,mirror_z0,0.973,0,,0.0,0.495,0.692,0.505,0.364,0.393
fx_loot_demaner_freighter_box_pink_2,4.7,2.1,1,1,1,1,0,0,1,fx_loot_box_demaner_freigter_pink_2,fx_loot_box_demaner_freigter_pink_2,False,0,0,1|2|3,False,True,False,False,1.700700044631958,1.7089000344276428,0.9523999989032745,2.592254950306567,394,226,1.743,428,0,0,642,0,0,False,12,5.9877436826036,642,310,0.483,31.17,168,0.785,92,204,14,36,176,6,0.332,0,4,True,0.009800000116229057,0.9937999844551086,0.00839999970048666,0.9876000285148621,False,2.2001,0.8003,2.75,0.426,0.6642,1.87,False,0.0,0.0,0.0,0.0,0.5,0.0,mirror_z0,0.5,0,,0.0,0.5,0.5,0.451,0.505,0.507
fx_loot_firework_glow,0.3,2.1,1,1,1,1,0,0,1,fx_loot_firework_glow,fx_loot_firework_glow,False,0,0,1|2|3,False,True,False,False,1.0,1.0,1.0,1.7320508075688772,24,8,3.0,12,0,0,18,0,0,False,2,6.0,18,12,0.667,60.0,6,1.0,0,6,2,0,0,1,1.0,0,0,True,0.9565839767456055,0.9967309832572937,0.9282379746437073,0.9683849811553955,False,0.0097,0.002,4.82,0.667,0.04015,1.0,False,1.0,1.0,1.0,1.0,1.0,1.0,mirror_x0,1.0,4,x,1.0,0.5,0.5,0.5,0.667,0.667
fx_loot_firework_metal_shell,11.6,2.1,1,1,1,1,0,0,1,fx_loot_firework_metal_shell,fx_loot_firework_metal_shell,False,0,0,1|2|3,False,True,False,False,1.0889159440994263,1.064911961555481,1.1307140588760376,1.8969158394925723,1504,880,1.709,1440,0,8,2332,376,16,True,-12,8.341949187641015,1940,844,0.435,35.47,696,0.967,48,576,11,56,416,9,0.944,0,8,True,-0.5773029923439026,1.6143590211868286,0.009061000309884548,0.8832579851150513,True,15.8328,0.8736,18.12,0.415,1.19474,2.01,False,1.0,1.0,1.0,1.0,1.0,1.0,mirror_x0,1.0,0,,0.0,0.494,0.5,0.5,0.85,0.766
fx_loot_flower,11.4,2.1,1,1,1,1,0,0,1,fx_loot_flowers,fx_loot_flowers,False,0,0,1|2|3,False,True,False,False,1.2935460209846497,1.8940180540084839,1.3246139883995056,2.648616226556605,713,708,1.007,660,0,0,1332,684,0,True,36,2.9692973196046912,648,52,0.08,9.26,242,0.733,176,413,3,5,15,36,0.085,0,253,True,0.0,1.0,0.0,0.9135609865188599,False,4.6968,0.5764,8.15,0.007,1.30424,1.29,False,0.076,0.017,0.008,0.0,0.073,0.008,mirror_x0,0.076,0,,0.0,0.445,0.918,0.283,0.186,0.101
fx_loot_flower_glow,2.1,2.1,1,1,1,1,0,0,1,fx_loot_flowers_glow,fx_loot_flowers_glow,False,0,0,1|2|3,False,True,False,False,1.8422889709472656,1.2142449915409088,1.8725839853286743,2.8939575556779573,168,120,1.4,96,0,0,204,120,0,True,12,3.117278590211569,84,0,0.0,0.0,48,1.0,0,12,8,12,96,12,0.083,12,31,True,0.011688999831676483,0.9846259951591492,0.0,1.0,False,11.6315,0.0038,3036.98,0.286,1.84871,1.62,False,0.0,0.025,0.008,0.017,0.017,0.017,mirror_xc,0.025,0,,0.0,0.417,0.635,0.469,0.344,0.437
fx_loot_mega_chest,17.0,2.1,1,1,1,1,0,0,1,fx_loot_mega_chest,fx_loot_mega_chest,False,0,0,1|2|3,False,True,False,False,2.4154460430145264,1.8924829959869385,1.4874619841575623,3.4100461332844434,1633,1106,1.476,1918,0,0,2989,224,0,True,35,29.07544151172296,2765,922,0.333,26.48,407,0.424,1104,1471,14,20,112,29,0.377,8,42,True,-5.397288799285889,7.857701778411865,0.006107000168412924,0.9940410256385803,True,29.0864,0.8944,32.52,0.323,0.60484,9.98,False,1.0,1.0,0.0,0.206,0.83,0.013,mirror_x0,1.0,0,,0.0,0.5,0.482,0.527,0.232,0.202
fx_loot_mega_chest_glow,0.7,2.1,1,1,1,1,0,0,1,fx_loot_mega_chest_glow,fx_loot_mega_chest_glow,False,0,0,1|2|3,False,True,False,False,3.0234960317611694,2.459802985191345,1.5501539707183838,4.194655684673745,40,40,1.0,20,0,0,50,40,0,True,10,15.531718891009659,10,0,0.0,0.0,10,1.0,0,10,2,0,0,10,0.1,10,22,True,0.0,1.0,0.0,1.0,False,10.0,0.0,655360.0,0.0,0.86581,1.07,False,0.0,0.1,0.0,0.0,0.0,0.0,mirror_xc,0.1,0,,0.0,0.5,0.8,0.2,0.45,0.384
fx_loot_present_blue_red,6.0,2.1,1,1,1,1,0,0,1,fx_loot_present_blue_red,fx_loot_present_blue_red,False,0,0,1|2|3,False,True,False,False,1.0580750107765198,1.2779120206832886,1.0394819974899292,1.9578316281392103,407,325,1.252,560,0,0,880,80,0,True,5,9.903099869418085,800,144,0.18,24.52,210,0.75,140,270,18,21,198,8,0.257,0,22,True,0.41335299611091614,0.9972040057182312,0.9211509823799133,0.9940869808197021,False,0.0032,0.002,1.63,0.201,0.01786,6.02,False,0.357,0.012,0.098,0.0,0.348,0.348,mirror_x0,0.357,0,,0.0,0.495,0.832,0.721,0.525,0.604
fx_loot_present_green_purple,6.0,2.1,1,1,1,1,0,0,1,fx_loot_present_green_purple,fx_loot_present_green_purple,False,0,0,1|2|3,False,True,False,False,1.0580750107765198,1.2779120206832886,1.0394819974899292,1.9578316281392103,407,325,1.252,560,0,0,880,80,0,True,5,9.903099869418085,800,144,0.18,24.52,210,0.75,140,270,18,21,198,8,0.257,0,22,True,0.19792599976062775,0.6309319734573364,0.9211509823799133,0.9940869808197021,False,0.0032,0.002,1.63,0.201,0.01786,6.02,False,0.357,0.012,0.098,0.0,0.348,0.348,mirror_x0,0.357,0,,0.0,0.495,0.832,0.721,0.525,0.604
fx_loot_present_red_yellow,6.0,2.1,1,1,1,1,0,0,1,fx_loot_present_red_yellow,fx_loot_present_red_yellow,False,0,0,1|2|3,False,True,False,False,1.0580750107765198,1.2779120206832886,1.0394819974899292,1.9578316281392103,407,325,1.252,560,0,0,880,80,0,True,5,9.903099869418085,800,144,0.18,24.52,210,0.75,140,270,18,21,198,8,0.257,0,22,True,0.8340039849281311,0.9911379814147949,0.9211509823799133,0.9940869808197021,False,0.0032,0.0018,1.78,0.201,0.01794,6.02,False,0.357,0.012,0.098,0.0,0.348,0.348,mirror_x0,0.357,0,,0.0,0.495,0.832,0.721,0.525,0.604
fx_loot_prometheus_center,2.3,2.1,1,1,1,1,0,0,1,box_midle,box_midle,False,0,0,1|2|3,False,True,False,False,2.4200000762939453,0.9590999782085419,1.3216000199317932,2.9194005806237078,220,72,3.056,124,0,0,192,12,0,True,4,12.950019223693065,180,101,0.561,36.23,43,0.694,38,75,6,2,12,3,0.742,0,3,True,0.0020000000949949026,0.9980000257492065,0.163100004196167,0.9980000257492065,False,0.2842,0.3744,0.76,0.673,0.14819,1.02,False,0.0,0.389,0.0,0.0,0.0,0.0,mirror_xc,0.389,0,,0.0,0.5,0.548,0.371,0.484,0.178
fx_loot_prometheus_glow,4.1,2.1,1,1,1,1,0,0,1,box_glow,box_glow,False,0,0,1|2|3,False,True,False,False,2.131999969482422,3.0642000436782837,1.6824000477790833,4.094534857382229,356,127,2.803,200,0,0,320,40,0,True,7,12.757385023511333,280,129,0.461,36.55,52,0.52,96,126,11,6,50,7,0.23,0,7,True,0.0020000000949949026,0.9510999917984009,0.00839999970048666,0.9980000257492065,False,0.28,0.3421,0.82,0.643,0.14811,1.02,False,0.0,0.0,0.0,0.0,0.0,0.008,mirror_zc,0.008,0,,0.0,0.46,0.64,0.34,0.575,0.472
fx_loot_prometheus_glow_green,1.6,2.1,1,1,1,1,0,0,1,Object001,Object001,False,0,0,1|2|3,False,True,False,False,2.0439000129699707,0.8925999999046326,1.6823999881744385,2.7936949982161163,122,47,2.596,72,0,0,116,16,0,True,3,5.719132052335844,100,48,0.48,35.08,23,0.639,26,39,11,2,22,3,0.639,0,3,True,0.0020000000949949026,0.9160000085830688,0.038100000470876694,0.9980000257492065,False,0.1255,0.1487,0.84,0.615,0.14809,1.01,False,0.0,0.0,0.0,0.0,0.0,0.021,mirror_zc,0.021,0,,0.0,0.319,0.431,0.653,0.625,0.518
fx_loot_prometheus_glow_red,2.8,2.1,1,1,1,1,0,0,1,box_glow,box_glow,False,0,0,1|2|3,False,True,False,False,2.131999969482422,1.4233000576496124,1.448199987411499,2.944229971914066,232,80,2.9,128,0,0,204,24,0,True,4,7.038198953819061,180,81,0.45,37.37,29,0.453,70,87,11,4,28,4,0.359,0,4,True,0.0020000000949949026,0.9510999917984009,0.00839999970048666,0.9980000257492065,False,0.1545,0.1933,0.8,0.655,0.14811,1.04,False,0.0,0.0,0.0,0.0,0.0,0.0,mirror_x0,0.0,0,,0.0,0.664,0.234,0.578,0.594,0.447
fx_loot_pumpkin,7.8,2.1,1,1,1,1,0,0,1,fx_loot_pumpkin,fx_loot_pumpkin,False,0,0,1|2|3,False,True,False,False,1.9817739725112915,2.005465030670166,1.8720210194587708,3.3843434761648425,493,287,1.718,560,0,0,844,8,0,True,3,11.336542494717765,836,340,0.407,34.88,66,0.236,428,478,20,5,38,2,0.929,0,1,True,-2.0075879096984863,2.9991040229797363,-7.024946212768555,8.058609962463379,True,20.4738,0.9023,22.69,0.418,1.17913,2.19,False,0.617,0.617,0.0,0.007,0.474,0.028,mirror_x0,0.617,0,,0.0,0.514,0.405,0.286,0.661,0.644
fx_loot_space_egg,2.9,2.1,1,1,1,1,0,0,1,fx_loot_space_egg,fx_loot_space_egg,False,0,0,1|2|3,False,True,False,False,0.8784719705581665,1.3136799931526184,0.8858209848403931,1.811669656601174,138,118,1.169,232,0,0,348,0,0,False,2,3.124463157354073,348,13,0.037,13.43,19,0.164,194,213,2,0,0,1,1.0,0,0,True,-2.9719040393829346,3.2629499435424805,-2.1244540214538574,1.5313550233840942,True,17.0662,0.9637,17.71,0.145,2.1629,1.3,False,0.822,0.822,0.127,0.017,0.72,0.008,mirror_x0,0.822,0,,0.0,0.5,0.44,0.5,0.716,0.757
fx_loot_space_egg_glow,2.6,2.1,1,1,1,1,0,0,1,fx_loot_space_egg_glow,fx_loot_space_egg_glow,False,0,0,1|2|3,False,True,False,False,1.432191014289856,1.8152570128440857,1.0590640008449554,2.54321561845982,174,174,1.0,116,0,0,261,174,0,True,29,3.552274968253362,87,0,0.0,12.02,0,0.0,116,116,1,0,0,29,0.034,0,66,True,0.0,1.0,0.0,1.0,False,29.0,0.002,14848.0,0.0,2.7883,1.37,False,0.0,0.0,0.017,0.006,0.006,0.011,mirror_y0,0.017,0,,0.0,0.457,0.586,0.267,0.405,0.456
fx_loot_titanc_shards_in_air,3.6,2.1,1,1,1,1,0,0,1,fx_loot_titanic_shards_in_air,fx_loot_titanic_shards_in_air,False,0,0,1|2|3,False,True,False,False,2.3080040216445923,3.4675499200820923,2.2561980485916138,4.737215917251138,480,160,3.0,240,0,0,360,0,0,False,40,1.6706757907604715,360,204,0.567,56.12,40,0.333,160,200,2,0,0,20,0.05,0,0,True,0.21030199527740479,0.8376830220222473,0.07634899765253067,0.7584109902381897,False,8.4822,0.4347,19.51,0.667,2.38521,1.51,False,0.006,0.0,0.0,0.0,0.0,0.013,mirror_zc,0.013,0,,0.0,0.479,0.5,0.45,0.442,0.331
fx_loot_titanc_shards_on_cube,4.5,2.1,1,1,1,1,0,0,1,fx_loot_titanic_shards_on_cube,fx_loot_titanic_shards_on_cube,False,0,0,1|2|3,False,True,False,False,1.1553499698638916,0.9926239848136902,1.1553499698638916,1.9117974476801667,392,392,1.0,304,0,0,652,392,0,True,44,1.63744188645037,260,32,0.123,22.15,122,0.803,60,76,11,40,252,44,0.046,44,15,True,0.17860500514507294,0.8213949799537659,0.1695760041475296,0.8304240107536316,False,1.2395,0.307,4.04,0.0,0.78826,1.0,False,0.036,0.036,0.01,0.018,0.02,0.02,mirror_x0,0.036,0,,0.0,0.5,0.632,0.5,1.0,1.0
fx_loot_turkey,2.7,2.1,1,1,1,1,0,0,1,fx_loot_turkey,fx_loot_turkey,False,0,0,1|2|3,False,True,False,False,2.1669939756393433,0.7918819785118103,0.7918819785118103,2.4392656735666916,151,126,1.198,248,0,0,372,0,0,False,2,3.589682860175076,372,144,0.387,24.79,60,0.484,128,188,2,0,0,1,1.0,0,0,True,0.04604899883270264,0.9954439997673035,0.022840000689029694,0.9957590103149414,False,1.2372,0.7116,1.74,0.166,0.66633,1.73,False,0.0,0.0,0.968,0.968,0.77,0.77,mirror_y0,0.968,0,,0.0,0.71,0.5,0.5,0.532,0.394
fx_mark_target_arrows,0.5,2.1,1,1,1,1,0,0,1,fx_mark_target_arrows,fx_mark_target_arrows,False,0,0,1|2|3,False,True,False,False,79.53086853027344,0.0,11.589661598205566,80.37088592979772,30,12,2.5,14,0,0,24,6,0,True,2,112.44371083965052,18,0,0.0,0.0,6,0.857,2,2,7,2,14,2,0.5,2,0,True,-0.511588990688324,1.506814956665039,0.10672199726104736,0.6384479999542236,True,1.4196,0.1837,7.73,0.6,0.17623,1.26,False,1.0,1.0,1.0,1.0,1.0,1.0,mirror_x0,1.0,0,,0.0,0.5,0.0,0.429,1.0,1.0
fx_mark_target_ring_fat,2.0,2.1,1,1,1,1,0,0,1,fx_mark_target_ring_fat,fx_mark_target_ring_fat,False,0,0,1|2|3,False,True,False,False,86.87524795532227,0.0,86.87523651123047,122.86014580074759,130,128,1.016,128,0,0,256,128,0,True,0,2082.3826153649434,128,0,0.0,0.0,64,1.0,0,1,128,1,128,1,1.0,1,0,True,-6.591337203979492,7.591334819793701,0.5048879981040955,0.9966670274734497,True,6.9461,0.4845,14.34,0.015,0.05812,1.11,False,1.0,1.0,1.0,1.0,1.0,1.0,mirror_x0,1.0,64,y,1.0,0.5,0.0,0.5,1.0,1.0
fx_mark_target_ring_thin,1.9,2.1,1,1,1,1,0,0,1,fx_mark_target_ring_thin,fx_mark_target_ring_thin,False,0,0,1|2|3,False,True,False,False,86.87524795532227,0.0,86.87523651123047,122.86014580074759,130,128,1.016,128,0,0,256,128,0,True,0,712.0275389598268,128,0,0.0,0.0,64,1.0,0,1,128,1,128,1,1.0,1,0,True,-23.565452575683594,24.56545066833496,0.5048879981040955,0.9966670274734497,True,23.6556,0.4961,47.68,0.015,0.18247,1.03,False,1.0,1.0,1.0,1.0,1.0,1.0,mirror_x0,1.0,64,y,1.0,0.5,0.0,0.5,1.0,1.0
fx_mark_target_wings,1.3,2.1,1,1,1,1,0,0,1,fx_mark_target_wings,fx_mark_target_wings,False,0,0,1|2|3,False,True,False,False,100.79406356811523,0.0,71.27217102050781,123.44701540559727,76,68,1.118,64,0,0,130,68,0,True,2,1096.5406069628011,62,0,0.0,0.0,31,0.969,2,2,32,2,64,2,0.5,2,0,True,-1.8154670000076294,3.2047219276428223,0.004887999966740608,0.9966670274734497,True,4.6972,0.8449,5.56,0.105,0.06568,1.08,False,1.0,1.0,1.0,1.0,1.0,1.0,mirror_x0,1.0,64,y,0.941,0.5,0.0,0.5,1.0,1.0
fx_medal,4.4,2.1,1,1,1,1,0,0,1,fx_medal,fx_medal,False,0,0,1|2|3,False,True,False,False,83.58001708984375,129.4256591796875,16.948583602905273,154.9963709155149,354,262,1.351,500,0,0,758,16,0,True,4,21707.22187481531,742,260,0.35,21.34,245,0.98,10,142,64,12,248,4,0.768,0,4,True,0.27994900941848755,0.6315420269966125,0.339013010263443,0.634784996509552,False,0.2626,0.0733,3.58,0.26,0.00172,1.64,False,1.0,1.0,0.74,0.0,1.0,1.0,mirror_x0,1.0,0,,0.0,0.5,0.396,0.5,0.332,0.229
fx_mucosum,4.8,2.1,1,1,1,1,0,0,1,Box2,Box2,False,0,0,1|2|3,False,True,False,False,42.782901763916016,30.097182273864746,41.016387939453125,66.47225845243143,239,204,1.172,372,0,0,567,18,0,True,9,4356.234084168307,549,156,0.284,21.21,30,0.161,312,342,2,0,0,5,0.516,0,7,True,0.012675999663770199,0.9777039885520935,0.01382100023329258,0.9741140007972717,False,0.8354,0.8144,1.03,0.146,0.01357,1.69,False,0.005,0.0,0.02,0.02,0.0,0.0,mirror_y0,0.02,0,,0.0,0.61,0.417,0.411,0.363,0.188
fx_outer_ring_noisy,0.3,2.1,1,1,1,1,0,0,1,fx_outer_ring_noisy,fx_outer_ring_noisy,False,0,0,1|2|3,False,True,False,False,18.22650909423828,0.0,50.296037673950195,53.49670120167942,8,8,1.0,6,0,0,13,8,0,True,1,553.9717021674473,5,0,0.0,0.0,3,1.0,0,1,6,1,6,1,1.0,1,0,True,0.0,0.8872380256652832,0.0,1.0,False,0.5362,0.7319,0.73,0.0,0.03111,1.0,False,0.0,0.0,1.0,1.0,0.0,0.0,mirror_y0,1.0,0,,0.0,0.5,0.0,0.5,0.5,0.263
fx_outer_ring_streak,0.2,2.1,1,1,1,1,0,0,1,fx_outer_ring_streak,fx_outer_ring_streak,False,0,0,1|2|3,False,True,False,False,5.648931980133057,0.0,55.58728790283203,55.87358059860229,4,4,1.0,2,0,0,5,4,0,True,1,314.00870229883367,1,0,0.0,0.0,1,1.0,0,1,2,0,0,1,1.0,1,0,True,0.0,1.0,0.0,1.0,False,1.0,0.0,65536.0,0.0,,,False,1.0,1.0,1.0,1.0,0.0,1.0,mirror_x0,1.0,0,,0.0,0.5,0.0,0.5,1.0,1.0
fx_plague,2.3,2.1,1,1,1,1,0,0,1,Box001,Box001,False,0,0,1|2|3,False,True,False,False,66.51399993896484,31.57890033721924,45.29220008850098,86.444910337425,92,74,1.243,144,0,0,216,0,0,False,2,6817.619682739013,216,71,0.329,22.84,6,0.083,132,137,3,1,3,1,1.0,0,0,True,0.054099999368190765,0.9581999778747559,0.051899999380111694,0.961899995803833,False,1.0597,0.6268,1.69,0.196,0.01228,1.63,False,0.0,0.027,0.027,0.0,0.014,0.0,mirror_xc,0.027,0,,0.0,0.528,0.493,0.465,0.521,0.494
fx_prismatium,1.6,2.1,1,1,1,1,0,0,1,boltrum,boltrum,False,0,0,1|2|3,False,True,False,False,3.1965229511260986,5.914691925048828,3.6663728952407837,7.657912884870786,75,45,1.667,86,0,0,129,0,0,False,2,33.10714573291662,129,58,0.45,32.67,1,0.023,84,85,2,0,0,1,1.0,0,0,True,0.010893000289797783,0.9879429936408997,0.029952000826597214,0.9685649871826172,False,0.5234,0.6287,0.83,0.4,0.13028,1.15,False,0.0,0.0,0.044,0.0,0.0,0.022,mirror_y0,0.044,0,,0.0,0.488,0.488,0.581,0.36,0.538
fx_pyramid_flare,1.2,2.1,1,1,1,1,0,0,1,polySurface4,polySurface4,False,0,0,1|2|3,False,True,False,False,14.703240394592285,0.0,14.703240394592285,20.793521976864348,98,96,1.021,80,0,0,168,96,0,True,8,25.563468291935102,72,0,0.0,0.0,40,1.0,0,9,64,1,64,9,0.8,9,36,True,0.0,1.0,0.0,1.0,False,8.2355,0.001,8567.01,0.02,0.41448,1.06,False,1.0,1.0,1.0,1.0,1.0,1.0,mirror_x0,1.0,4,y,1.0,0.5,0.0,0.5,0.1,0.636
fx_radiation_arrow,0.6,2.1,1,1,1,1,0,0,1,modelPanel1ViewSelectedSet5,modelPanel1ViewSelectedSet5,False,0,0,1|2|3,False,True,False,False,73.48185729980469,10.328479766845703,167.67578125,183.3614694103449,70,17,4.118,30,0,0,45,0,0,False,2,15856.469071817291,45,22,0.489,46.1,14,0.933,2,11,4,5,20,1,1.0,0,0,True,-1.9334770441055298,2.6203858852386475,-0.3925819993019104,1.4345149993896484,True,8.2494,0.5206,15.84,0.757,0.02594,25986360.77,False,1.0,1.0,1.0,1.0,0.0,0.0,mirror_x0,1.0,0,,0.0,0.5,0.467,0.467,0.133,0.023
fx_rift_glow,2.1,2.1,1,1,1,1,0,0,1,fx_rift_glow,fx_rift_glow,False,0,0,1|2|3,False,True,False,False,7.452988147735596,0.7329760193824768,9.067071914672852,11.759935343407559,110,101,1.089,106,0,0,207,96,0,True,0,16.604748058866242,111,20,0.18,20.19,34,0.642,38,72,2,0,0,1,1.0,0,0,True,-32.53498458862305,32.19729232788086,0.09899400174617767,0.9010059833526611,True,73.9193,0.7592,97.36,0.082,2.1859,1.1,False,0.02,0.0,0.406,0.0,0.02,0.0,mirror_y0,0.406,0,,0.0,0.585,0.5,0.396,0.208,0.259
fx_rift_main,2.2,2.1,1,1,1,1,0,0,1,fx_rift_main,fx_rift_main,False,0,0,1|2|3,False,True,False,False,7.452988147735596,0.09776999801397324,9.067071914672852,11.737477770315397,127,82,1.549,121,0,0,202,41,0,True,1,5.502367938495585,161,45,0.28,13.19,60,0.992,1,40,39,3,47,1,1.0,0,0,True,-32.53498458862305,32.19729232788086,0.09899400174617767,0.9010059833526611,True,73.9936,0.757,97.75,0.354,4.59114,25.67,False,0.012,0.024,0.5,0.0,0.012,0.0,mirror_y0,0.5,0,,0.0,0.595,0.339,0.331,0.116,0.261
fx_rift_spikes,3.0,2.1,1,1,1,1,0,0,1,fx_rift_spikes,fx_rift_spikes,False,0,0,1|2|3,False,True,False,False,6.151803016662598,3.5517321079969406,7.797919273376465,10.548318648812785,315,175,1.8,140,0,0,280,140,0,True,35,7.224430968214499,140,88,0.629,50.56,0,0.0,140,140,1,0,0,35,0.029,0,29,True,-4.735097885131836,-1.8478319644927979,0.14704500138759613,0.9010050296783447,True,76.1909,0.3552,214.49,0.444,5.58031,3.75,False,0.0,0.006,0.229,0.0,0.0,0.0,mirror_y0,0.229,0,,0.0,0.5,0.0,0.357,0.2,0.23
fx_ring,1.8,2.1,1,1,1,1,0,0,1,Tube001,Tube001,False,0,0,1|2|3,False,True,False,False,100.03610229492188,0.0,100.04199981689453,141.47658283166015,180,144,1.25,144,0,0,288,144,0,True,0,5106.856921798884,144,0,0.0,0.0,72,1.0,0,1,144,1,144,1,1.0,1,0,True,-0.0020000000949949026,1.0019999742507935,-0.0020000000949949026,1.0019999742507935,False,18.0003,0.2636,68.28,0.2,0.06091,1.3,False,0.0,1.0,0.0,1.0,1.0,1.0,mirror_xc,1.0,37,y,1.0,0.5,0.0,0.5,1.0,1.0
fx_ring_sab50,0.6,2.1,1,1,1,1,0,0,1,fx_ring_SAB50,fx_ring_SAB50,False,0,0,1|2|3,False,True,False,False,20.0,6.63640022277832,20.0,29.05239762768113,40,32,1.25,32,0,0,64,32,0,True,0,414.3034801938177,32,0,0.0,11.25,16,1.0,0,16,2,0,0,1,1.0,0,0,True,0.00559999980032444,0.9993000030517578,0.00800000037997961,0.998199999332428,False,3.9028,0.9883,3.95,0.2,0.09707,1.0,False,1.0,1.0,1.0,1.0,1.0,1.0,mirror_x0,1.0,16,y,1.0,0.5,0.5,0.5,1.0,1.0
fx_ripple_ring,0.7,2.1,1,1,1,1,0,0,1,fx_ripple_ring,fx_ripple_ring,False,0,0,1|2|3,False,True,False,False,38.366207122802734,0.0,101.84827041625977,108.8349026543111,48,26,1.846,24,0,0,49,26,0,True,1,1312.8239268359425,23,0,0.0,0.0,12,1.0,0,1,24,1,24,1,1.0,1,0,True,0.0,1.0,0.0,1.0,False,1.0,0.3421,2.92,0.458,0.02801,1.12,False,0.0,0.0,1.0,1.0,1.0,1.0,mirror_y0,1.0,0,,0.0,0.625,0.0,0.5,0.375,0.38
fx_saimon_box,5.0,2.1,1,1,1,1,0,0,1,Box3,Box3,False,0,0,1|2|3,False,True,False,False,51.65326690673828,132.06560516357422,58.701852798461914,153.47733243489776,396,150,2.64,304,0,0,456,0,0,False,-2,22656.498836761028,456,182,0.399,34.33,32,0.211,240,259,11,5,29,2,0.809,0,1,True,-7.599999662488699e-05,0.9889190196990967,0.014491000212728977,0.9939460158348083,False,1.1246,0.7306,1.54,0.621,0.0071,1.84,False,1.0,1.0,0.013,0.013,0.02,0.02,mirror_x0,1.0,0,,0.0,0.493,0.411,0.612,0.461,0.363
fx_scrapium,2.0,2.1,1,1,1,1,0,0,1,scrapium_ingame,scrapium_ingame,False,0,0,1|2|3,False,True,False,False,48.407066345214844,16.90479326248169,43.750959396362305,67.40298625060629,111,81,1.37,150,0,0,225,0,0,False,6,3118.3523211607226,225,106,0.471,42.55,12,0.16,126,137,3,1,3,3,0.333,0,3,True,0.05345899984240532,0.9022340178489685,0.021441999822854996,0.95278000831604,False,0.8146,0.3948,2.06,0.27,0.01676,1.22,False,0.025,0.0,0.025,0.0,0.025,0.037,mirror_zc,0.037,0,,0.0,0.4,0.6,0.453,0.313,0.3
fx_shield_ring,2.5,2.1,1,1,1,1,0,0,1,fx_shield_ring,fx_shield_ring,False,0,0,1|2|3,False,True,False,False,87.01205825805664,0.0,87.01205444335938,123.05363018114329,256,128,2.0,128,0,0,256,128,0,True,0,3932.821843730167,128,0,0.0,0.0,64,1.0,0,1,128,1,128,1,1.0,1,0,True,0.0,14.0,0.04252399876713753,1.042523980140686,True,14.0,0.0039,3612.22,0.5,0.06179,1.31,False,1.0,1.0,1.0,1.0,1.0,1.0,mirror_x0,1.0,64,y,1.0,0.5,0.0,0.5,1.0,1.0
fx_shock_wave_fat,2.5,2.1,1,1,1,1,0,0,1,fx_shock_wave_fat,fx_shock_wave_fat,False,0,0,1|2|3,False,True,False,False,87.01205825805664,0.0,87.01205444335938,123.05363018114329,256,128,2.0,128,0,0,256,128,0,True,0,3932.821843730167,128,0,0.0,0.0,64,1.0,0,1,128,1,128,1,1.0,1,0,True,-24.315820693969727,25.36519432067871,0.0,1.0,True,49.5997,0.0037,13432.09,0.5,0.11404,1.31,False,1.0,1.0,1.0,1.0,1.0,1.0,mirror_x0,1.0,64,y,1.0,0.5,0.0,0.5,1.0,1.0
fx_shock_wave_medium,2.5,2.1,1,1,1,1,0,0,1,fx_shock_wave_medium,fx_shock_wave_medium,False,0,0,1|2|3,False,True,False,False,87.01205825805664,0.0,87.01205444335938,123.05363018114329,256,128,2.0,128,0,0,256,128,0,True,0,2669.2783753360295,128,0,0.0,0.0,64,1.0,0,1,128,1,128,1,1.0,1,0,True,-24.315820693969727,25.36519432067871,0.0,1.0,True,49.5997,0.0037,13432.09,0.5,0.13597,1.16,False,1.0,1.0,1.0,1.0,1.0,1.0,mirror_x0,1.0,64,y,1.0,0.5,0.0,0.5,1.0,1.0
fx_shock_wave_thin,2.5,2.1,1,1,1,1,0,0,1,fx_shock_wave_thin,fx_shock_wave_thin,False,0,0,1|2|3,False,True,False,False,87.01205825805664,0.0,87.01205444335938,123.05363018114329,256,128,2.0,128,0,0,256,128,0,True,0,1304.2874136982946,128,0,0.0,0.0,64,1.0,0,1,128,1,128,1,1.0,1,0,True,-24.315820693969727,25.36519432067871,0.0,1.0,True,49.5997,0.0037,13432.09,0.5,0.19334,1.06,False,1.0,1.0,1.0,1.0,1.0,1.0,mirror_x0,1.0,64,y,1.0,0.5,0.0,0.5,1.0,1.0
fx_shock_wave_with_height,4.8,2.1,1,1,1,1,0,0,1,fx_shock_wave_with_height,fx_shock_wave_with_height,False,0,0,1|2|3,False,True,False,False,100.62640380859375,20.11091136932373,100.62639617919922,143.72123540927458,512,256,2.0,256,0,0,512,256,0,True,0,9261.982122194262,256,0,0.0,1.18,128,1.0,0,65,128,1,128,2,0.5,1,1,True,-24.315820693969727,25.36519432067871,-1.9999999949504854e-06,1.0000020265579224,True,99.1993,0.453,219.0,0.5,0.10999,1.49,False,1.0,1.0,0.5,0.0,1.0,1.0,mirror_x0,1.0,64,y,1.0,0.5,0.25,0.5,1.0,1.0
fx_simple_plane,0.2,2.1,1,1,1,1,0,0,1,Plane001,Plane001,False,0,0,1|2|3,False,True,False,False,100.0,0.0,100.0,141.4213562373095,4,4,1.0,2,0,0,5,4,0,True,1,10000.0,1,0,0.0,0.0,1,1.0,0,1,2,0,0,1,1.0,1,0,True,0.0,1.0,0.0,1.0,False,1.0,0.0,65536.0,0.0,,,False,1.0,1.0,1.0,1.0,1.0,1.0,mirror_x0,1.0,4,y,1.0,0.5,0.0,0.5,1.0,1.0
fx_slow_down_circle,1.8,2.1,1,1,1,1,0,0,1,fx_slow_down_circle,fx_slow_down_circle,False,0,0,1|2|3,False,True,False,False,98.6056022644043,0.0,123.13904571533203,157.75388862911913,130,128,1.016,128,0,0,256,128,0,True,0,3321.529780914588,128,0,0.0,0.0,64,1.0,0,1,128,1,128,1,1.0,1,0,True,0.0,1.0,0.0,1.0,False,1.0,0.0038,260.06,0.015,0.01743,1.11,False,1.0,1.0,1.0,1.0,1.0,1.0,mirror_x0,1.0,0,,0.0,0.5,0.0,0.5,1.0,1.0
fx_slow_down_trail,2.0,2.1,1,1,1,1,0,0,1,fx_slow_down_trail,fx_slow_down_trail,False,0,0,1|2|3,False,True,False,False,174.27313232421875,0.0,148.2075653076172,228.7719542787233,132,130,1.015,128,0,0,257,130,0,True,1,2698.4107986516624,127,0,0.0,0.0,64,1.0,0,1,128,1,128,1,1.0,1,0,True,-0.30591899156570435,1.3059190511703491,0.0,1.0,True,3.1157,0.0038,810.28,0.015,0.03166,1.24,False,1.0,1.0,1.0,1.0,0.0,0.0,mirror_x0,1.0,0,,0.0,0.5,0.0,0.5,0.234,0.088
fx_soak_in,0.6,2.1,1,1,1,1,0,0,1,Plane001,Plane001,False,0,0,1|2|3,False,True,False,False,48.082698822021484,2.1357998847961426,49.20209884643555,68.82843960203904,36,36,1.0,18,0,0,45,36,0,True,9,26.713579988432073,9,0,0.0,0.0,9,1.0,0,9,2,0,0,9,0.111,9,9,True,0.0,1.0,0.0,1.0,False,9.0,0.0,589824.0,0.0,0.58044,1.0,False,0.0,0.0,0.333,0.333,0.0,0.0,mirror_y0,0.333,0,,0.0,0.667,0.333,0.333,1.0,1.0
fx_solace,1.0,2.1,1,1,1,1,0,0,1,Tube001,Tube001,False,0,0,1|2|3,False,True,False,False,98.65799713134766,98.65799713134766,0.0,139.52347757971776,48,40,1.2,40,0,0,80,40,0,True,0,5404.790193688977,40,0,0.0,0.0,19,0.95,2,1,40,1,40,1,1.0,1,0,True,0.04050000011920929,0.9235000014305115,0.044599998742341995,0.9714999794960022,False,1.8035,0.5867,3.07,0.167,0.01862,1.04,False,0.5,0.5,0.55,0.55,0.0,1.0,mirror_zc,1.0,0,,0.0,0.5,0.5,0.0,0.475,0.486
fx_sphere,5.5,2.1,1,1,1,1,0,0,1,fx_sphere,fx_sphere,False,0,0,1|2|3,False,True,False,False,79.9999885559082,80.0,79.99997329711914,138.56404258134654,423,362,1.169,720,0,0,1080,0,0,False,2,19895.289107370263,1080,0,0.0,7.16,336,0.933,48,384,2,0,0,1,1.0,0,0,True,-0.0008750000270083547,10.0,-4.425683975219727,1.3625370264053345,True,54.2693,0.9375,57.89,0.144,0.05091,1.56,False,1.0,1.0,1.0,1.0,1.0,1.0,mirror_x0,1.0,24,y,1.0,0.5,0.5,0.5,0.533,0.708
fx_sphere_build_up,5.5,2.1,1,1,1,1,0,0,1,fx_sphere_build_up,fx_sphere_build_up,False,0,0,1|2|3,False,True,False,False,79.9999885559082,80.0,79.99997329711914,138.56404258134654,423,362,1.169,720,0,0,1080,0,0,False,2,19895.289107370263,1080,0,0.0,7.16,336,0.933,48,384,2,0,0,1,1.0,0,0,True,0.0,1.0,0.0,0.5,False,0.4688,0.4795,0.98,0.144,0.00473,1.56,False,1.0,1.0,1.0,1.0,1.0,1.0,mirror_x0,1.0,24,y,1.0,0.5,0.5,0.5,0.533,0.708
fx_spike_glows,3.2,2.1,1,1,1,1,0,0,1,fx_spike_glows,fx_spike_glows,False,0,0,1|2|3,False,True,False,False,176.12818908691406,173.79641342163086,173.29102325439453,302.08626425213924,216,216,1.0,144,0,0,324,216,0,True,36,36905.76708130531,108,0,0.0,0.0,65,0.903,14,36,4,36,144,36,0.028,36,67,True,0.0,0.9413629770278931,0.05457200109958649,0.8838170170783997,False,18.0486,0.7842,23.02,0.0,0.02927,2.53,False,0.014,0.0,0.0,0.005,0.0,0.005,mirror_x0,0.014,0,,0.0,0.583,0.514,0.444,0.285,0.303
fx_star,3.7,2.1,1,1,1,1,0,0,1,fx_star,fx_star,False,0,0,1|2|3,False,True,False,False,96.43791580200195,94.47178649902344,9.551912307739258,135.33820257889428,180,108,1.667,216,0,0,324,0,0,False,0,7025.222251423736,324,142,0.438,31.27,67,0.62,82,149,2,0,0,1,1.0,0,0,True,0.34036800265312195,0.8519390225410461,0.26225900650024414,0.6657260060310364,False,0.0668,0.1087,0.61,0.4,0.00326,1.15,False,0.537,0.056,0.0,0.0,0.167,0.481,mirror_x0,0.537,0,,0.0,0.389,0.444,0.5,0.12,0.143
fx_streuner_launch,3.6,2.1,1,1,1,1,0,0,1,box,box,False,0,0,1|2|3,False,True,False,False,0.9941999912261963,1.1266000270843506,0.9944000244140625,1.801802611868269,558,156,3.577,252,0,0,386,16,0,True,22,12.05583231509,370,202,0.546,42.22,84,0.667,84,168,2,0,0,13,0.079,0,22,True,0.016699999570846558,0.9825000166893005,0.03519999980926514,0.9524000287055969,False,5.6168,0.7995,7.03,0.72,0.56401,1.34,False,0.026,0.026,0.0,0.0,0.385,0.385,mirror_z0,0.385,0,,0.0,0.516,0.381,0.5,0.881,0.68
fx_target_skoll,2.3,2.1,1,1,1,1,0,0,1,modelPanel1ViewSelectedSet4,modelPanel1ViewSelectedSet4,False,0,0,1|2|3,False,True,False,False,81.8039779663086,0.0,81.8039779663086,115.68829509602345,232,176,1.318,192,0,0,364,152,0,True,4,803.7787228052691,212,0,0.0,0.0,92,0.958,8,4,48,4,192,4,0.25,4,0,True,0.0,1.0,0.0,1.0,False,2.3374,0.5033,4.64,0.241,0.06259,1.03,False,1.0,1.0,1.0,1.0,1.0,1.0,mirror_x0,1.0,4,y,1.0,0.5,0.0,0.5,0.833,0.94
fx_venus_thunderstorm,0.3,2.1,1,1,1,1,0,0,1,asset_vru_venus,asset_vru_venus,False,0,0,1|2|3,False,True,False,False,602.7380065917969,602.7380065917969,59.6822509765625,854.4870860710157,9,9,1.0,8,0,0,16,8,0,True,1,359548.0830845572,8,0,0.0,5.83,4,1.0,0,4,2,0,0,1,1.0,0,0,True,0.0,1.0,0.0,1.0,False,0.9798,0.9844,1.0,0.0,0.00165,1.0,False,1.0,1.0,1.0,1.0,0.0,0.0,mirror_x0,1.0,4,z,1.0,0.5,0.5,0.75,0.5,0.495
fx_wrench,2.7,2.1,1,1,1,1,0,0,1,fx_wrench,fx_wrench,False,0,0,1|2|3,False,True,False,False,149.57689666748047,102.01576232910156,5.791441917419434,181.14636231441335,240,108,2.222,212,0,0,318,0,0,False,2,9373.223038755314,318,120,0.377,34.97,104,0.981,4,56,52,2,104,1,1.0,0,0,True,0.2482459992170334,0.7748309969902039,0.3486520051956177,0.5180150270462036,False,0.0441,0.0338,1.3,0.55,0.00166,1.91,False,0.0,0.0,0.0,0.0,1.0,1.0,mirror_z0,1.0,0,,0.0,0.5,0.5,0.5,0.67,0.282
half_sphere,1.2,2.1,1,1,1,1,0,0,1,Sphere001,Sphere001,False,0,0,1|2|3,False,True,False,False,31.327800750732422,31.327800750732422,4.99560022354126,44.584955100892806,73,73,1.0,120,0,0,192,24,0,True,1,839.1669910675446,168,0,0.0,5.53,48,0.8,24,72,2,0,0,1,1.0,0,0,True,0.0,1.0,0.0,1.0,False,0.7864,0.8492,0.93,0.0,0.03134,1.05,False,1.0,1.0,1.0,1.0,0.0,0.0,mirror_x0,1.0,24,z,1.0,0.5,0.5,0.4,0.2,0.264
plague_fx,2.1,2.1,1,1,1,1,0,0,1,Box001,Box001,False,0,0,1|2|3,False,True,False,False,66.51399993896484,31.57890033721924,45.29220008850098,86.444910337425,114,74,1.541,144,0,0,216,0,0,False,2,6817.619682739013,216,71,0.329,22.84,6,0.083,132,137,3,1,3,1,1.0,0,0,True,0.0,1.0,0.0,1.0,False,6.0,0.6225,9.64,0.351,0.02949,1.48,False,0.0,0.027,0.027,0.0,0.014,0.0,mirror_xc,0.027,0,,0.0,0.528,0.493,0.465,0.521,0.494
yuri_box,2.9,2.1,1,1,1,1,0,0,1,lowpoly,lowpoly,False,0,0,1|2|3,False,True,False,False,2.3775999546051025,2.91129994392395,2.683199942111969,4.61824759372854,184,174,1.057,230,0,0,391,92,0,True,13,9.702606262485395,299,116,0.388,21.99,64,0.557,102,135,8,10,72,12,0.696,11,14,True,0.002099999925121665,0.9990000128746033,0.0010000000474974513,0.9990000128746033,False,0.6654,0.6541,1.02,0.054,0.29394,3.2,False,0.471,0.0,0.011,0.0,0.046,0.006,mirror_x0,0.471,0,,0.0,0.717,0.487,0.096,0.404,0.473
